{
  "tempo": 117.45383522727273,
  "beats": [
    44,
    65,
    87,
    109,
    130,
    152,
    173,
    195,
    216,
    238,
    259,
    281,
    302,
    324,
    345,
    367,
    388,
    410,
    432,
    453,
    475,
    496,
    518,
    539,
    561,
    582,
    604
  ],
  "beat_times_sec": [
    1.021678,
    1.509297,
    2.020136,
    2.530975,
    3.018594,
    3.529433,
    4.017052,
    4.527891,
    5.01551,
    5.526349,
    6.013968,
    6.524807,
    7.012426,
    7.523265,
    8.010884,
    8.521723,
    9.009342,
    9.520181,
    10.03102,
    10.518639,
    11.029478,
    11.517098,
    12.027937,
    12.515556,
    13.026395,
    13.514014,
    14.024853
  ]
}
